2999-01-01,
2999-01-02,
2999-01-03,
2999-01-04,
2999-01-05,
2999-01-06,
2999-01-07,
2999-01-08,
2999-01-09,"Salary day"
2999-01-10,
2999-01-11,
2999-01-12,
2999-01-13,
2999-01-14,
2999-01-15,
2999-01-16,
2999-01-17,
2999-01-18,
2999-01-19,
2999-01-20,
2999-01-21,
2999-01-22,
2999-01-23,
2999-01-24,
2999-01-25,
2999-01-26,
2999-01-27,
2999-01-28,
2999-01-29,
2999-01-30,
2999-01-31,
2999-02-01,
2999-02-02,
2999-02-03,
2999-02-04,
2999-02-05,
2999-02-06,
2999-02-07,
2999-02-08,"Salary day"
2999-02-09,
2999-02-10,
2999-02-11,
2999-02-12,
2999-02-13,
2999-02-14,
2999-02-15,
2999-02-16,
2999-02-17,
2999-02-18,
2999-02-19,
2999-02-20,
2999-02-21,
2999-02-22,
2999-02-23,
2999-02-24,
2999-02-25,
2999-02-26,
2999-02-27,
2999-02-28,
2999-03-01,
2999-03-02,
2999-03-03,
2999-03-04,
2999-03-05,
2999-03-06,
2999-03-07,
2999-03-08,"Salary day"
2999-03-09,
2999-03-10,
2999-03-11,
2999-03-12,
2999-03-13,
2999-03-14,
2999-03-15,
2999-03-16,
2999-03-17,
2999-03-18,
2999-03-19,
2999-03-20,
2999-03-21,
2999-03-22,
2999-03-23,
2999-03-24,
2999-03-25,
2999-03-26,
2999-03-27,
2999-03-28,
2999-03-29,
2999-03-30,
2999-03-31,
2999-04-01,
2999-04-02,
2999-04-03,
2999-04-04,
2999-04-05,
2999-04-06,
2999-04-07,
2999-04-08,
2999-04-09,
2999-04-10,"Salary day"
2999-04-11,
2999-04-12,
2999-04-13,
2999-04-14,
2999-04-15,
2999-04-16,
2999-04-17,
2999-04-18,
2999-04-19,
2999-04-20,
2999-04-21,
2999-04-22,
2999-04-23,
2999-04-24,
2999-04-25,
2999-04-26,
2999-04-27,
2999-04-28,
2999-04-29,
2999-04-30,
2999-05-01,
2999-05-02,
2999-05-03,
2999-05-04,
2999-05-05,
2999-05-06,
2999-05-07,
2999-05-08,
2999-05-09,
2999-05-10,"Salary day"
2999-05-11,
2999-05-12,
2999-05-13,
2999-05-14,
2999-05-15,
2999-05-16,
2999-05-17,
2999-05-18,
2999-05-19,
2999-05-20,
2999-05-21,
2999-05-22,
2999-05-23,
2999-05-24,
2999-05-25,
2999-05-26,
2999-05-27,
2999-05-28,
2999-05-29,
2999-05-30,
2999-05-31,
2999-06-01,
2999-06-02,
2999-06-03,
2999-06-04,
2999-06-05,
2999-06-06,
2999-06-07,
2999-06-08,
2999-06-09,
2999-06-10,"Salary day"
2999-06-11,
2999-06-12,
2999-06-13,
2999-06-14,
2999-06-15,
2999-06-16,
2999-06-17,
2999-06-18,
2999-06-19,
2999-06-20,
2999-06-21,
2999-06-22,
2999-06-23,
2999-06-24,
2999-06-25,
2999-06-26,
2999-06-27,
2999-06-28,
2999-06-29,
2999-06-30,
2999-07-01,
2999-07-02,
2999-07-03,
2999-07-04,
2999-07-05,
2999-07-06,
2999-07-07,
2999-07-08,
2999-07-09,
2999-07-10,"Salary day"
2999-07-11,
2999-07-12,
2999-07-13,
2999-07-14,
2999-07-15,
2999-07-16,
2999-07-17,
2999-07-18,
2999-07-19,
2999-07-20,
2999-07-21,
2999-07-22,
2999-07-23,
2999-07-24,
2999-07-25,
2999-07-26,
2999-07-27,
2999-07-28,
2999-07-29,
2999-07-30,
2999-07-31,
2999-08-01,
2999-08-02,
2999-08-03,
2999-08-04,
2999-08-05,
2999-08-06,
2999-08-07,
2999-08-08,
2999-08-09,"Salary day"
2999-08-10,
2999-08-11,
2999-08-12,
2999-08-13,
2999-08-14,
2999-08-15,
2999-08-16,
2999-08-17,
2999-08-18,
2999-08-19,
2999-08-20,
2999-08-21,
2999-08-22,
2999-08-23,
2999-08-24,
2999-08-25,
2999-08-26,
2999-08-27,
2999-08-28,
2999-08-29,
2999-08-30,
2999-08-31,
2999-09-01,
2999-09-02,
2999-09-03,
2999-09-04,
2999-09-05,
2999-09-06,
2999-09-07,
2999-09-08,
2999-09-09,
2999-09-10,"Salary day"
2999-09-11,
2999-09-12,
2999-09-13,
2999-09-14,
2999-09-15,
2999-09-16,
2999-09-17,
2999-09-18,
2999-09-19,
2999-09-20,
2999-09-21,
2999-09-22,
2999-09-23,
2999-09-24,
2999-09-25,
2999-09-26,
2999-09-27,
2999-09-28,
2999-09-29,
2999-09-30,
2999-10-01,
2999-10-02,
2999-10-03,
2999-10-04,
2999-10-05,
2999-10-06,
2999-10-07,
2999-10-08,
2999-10-09,
2999-10-10,"Salary day"
2999-10-11,
2999-10-12,
2999-10-13,
2999-10-14,
2999-10-15,
2999-10-16,
2999-10-17,
2999-10-18,
2999-10-19,
2999-10-20,
2999-10-21,
2999-10-22,
2999-10-23,
2999-10-24,
2999-10-25,
2999-10-26,
2999-10-27,
2999-10-28,
2999-10-29,
2999-10-30,
2999-10-31,
2999-11-01,
2999-11-02,
2999-11-03,
2999-11-04,
2999-11-05,
2999-11-06,
2999-11-07,
2999-11-08,"Salary day"
2999-11-09,
2999-11-10,
2999-11-11,
2999-11-12,
2999-11-13,
2999-11-14,
2999-11-15,
2999-11-16,
2999-11-17,
2999-11-18,
2999-11-19,
2999-11-20,
2999-11-21,
2999-11-22,
2999-11-23,
2999-11-24,
2999-11-25,
2999-11-26,
2999-11-27,
2999-11-28,
2999-11-29,
2999-11-30,
2999-12-01,
2999-12-02,
2999-12-03,
2999-12-04,
2999-12-05,
2999-12-06,
2999-12-07,
2999-12-08,
2999-12-09,
2999-12-10,"Salary day"
2999-12-11,
2999-12-12,
2999-12-13,
2999-12-14,
2999-12-15,
2999-12-16,
2999-12-17,
2999-12-18,
2999-12-19,
2999-12-20,
2999-12-21,
2999-12-22,
2999-12-23,
2999-12-24,
2999-12-25,
2999-12-26,
2999-12-27,
2999-12-28,
2999-12-29,
2999-12-30,
2999-12-31,
